{
    "copyRight": 2018,
    "javaPackage": "com.dstsystems.services.subaccounting",
    "nameSpace": "SubaccountingServices",
    "baseName": "DealerOptions",
    "beans": [{
        "className": "DealerOptionsBean",
        "fields": [{
                "name": "fundSponsorId",
                "type": "String",
                "annotations": ["@Size(max=7)"]
            },
            {
                "name": "operatorId",
                "type": "String"
            },
            {
                "name": "financialInstitutionid",
                "type": "String"
            }
        ]
    }],
    "entities": [{
        "className": "BrokerageSystem",
        "fields": [{
                "name": "brokerageSystemId",
                "type": "String"
            },
            {
                "name": "brokerageSystemLongName",
                "type": "String"
            },
            {
                "name": "brokerageSystemAbbrName",
                "type": "String"
            }
        ]
    }, {
        "className": "ExternalLedgerAccount",
        "fields": [{
                "name": "defaultErrorAccount",
                "type": "String"
            },
            {
                "name": "extlLedgerAccountNumber",
                "type": "String"
            },
            {
                "name": "extlLedgerAccountName",
                "type": "String"
            }
        ]
    }],
    "daos": [{
            "type": "StoredProcedure",
            "methods": [{
                "name": "index",
                "dataAccess": "SP00473"
            }, {
                "name": "update",
                "dataAccess": "SP00482"
            }],
            "reference": "STORED_PROCEDURE",
            "version": "V1"
        },
        {
            "type": "JDBC",
            "methods": [{
                "name": "index"
            }, {
                "name": "update"
            }],
            "reference": "JDBC",
            "version": "V2"
        }
    ],
    "services": [{
            "type": "StoredProcedure",
            "reference": "STORED_PROCEDURE",
            "version": "V1"
        },
        {
            "type": "JDBC",
            "reference": "JDBC",
            "version": "V2"
        }
    ],
    "interfaces": [{
            "type": "Service"
        },
        {
            "type": "DAO"
        }
    ],
    "controller": {
        "endpoints": [{
            "name": "index",
            "method": "Get",
            "path": "/DealerOptions",
            "headerParams":true,
            "defaultServiceVersion": "V1",
            "pathVariables": [{
                    "name": "fundSponsorId",
                    "type": "String"
                },
                {
                    "name": "financialInstitutionId",
                    "type": "String"
                },
                {
                    "name": "fundGroupNumber",
                    "type": "String"
                }
            ]
        }]
    }
}